-- phpMyAdmin SQL Dump
-- version 4.6.6deb5
-- https://www.phpmyadmin.net/
--
-- Хост: localhost:3306
-- Время создания: Мар 12 2020 г., 10:07
-- Версия сервера: 5.7.29-0ubuntu0.18.04.1
-- Версия PHP: 7.2.24-0ubuntu0.18.04.3

SET SQL_MODE = "NO_AUTO_VALUE_ON_ZERO";
SET time_zone = "+00:00";


/*!40101 SET @OLD_CHARACTER_SET_CLIENT=@@CHARACTER_SET_CLIENT */;
/*!40101 SET @OLD_CHARACTER_SET_RESULTS=@@CHARACTER_SET_RESULTS */;
/*!40101 SET @OLD_COLLATION_CONNECTION=@@COLLATION_CONNECTION */;
/*!40101 SET NAMES utf8mb4 */;

--
-- База данных: `books_as_a_gift`
--

-- --------------------------------------------------------

--
-- Структура таблицы `Books`
--

CREATE TABLE `Books` (
  `id` int(11) NOT NULL,
  `userId` varchar(128) NOT NULL,
  `userEmail` varchar(50) NOT NULL,
  `title` varchar(50) NOT NULL,
  `author` varchar(50) NOT NULL,
  `genre` varchar(50) DEFAULT NULL,
  `description` varchar(100) NOT NULL,
  `countryId` int(11) NOT NULL,
  `cityId` int(11) NOT NULL,
  `typeId` int(11) NOT NULL,
  `image` longtext,
  `active` tinyint(1) NOT NULL,
  `updatedAt` timestamp NOT NULL DEFAULT CURRENT_TIMESTAMP ON UPDATE CURRENT_TIMESTAMP
) ENGINE=InnoDB DEFAULT CHARSET=utf8mb4;

--
-- Дамп данных таблицы `Books`
--

INSERT INTO `Books` (`id`, `userId`, `userEmail`, `title`, `author`, `genre`, `description`, `countryId`, `cityId`, `typeId`, `image`, `active`, `updatedAt`) VALUES
(29, 'NoFdK0WzRTVeU0GXKbvl4uVUNwA3', 'tyaamariupol@gmail.com', '1', '1', '', '1', 1, 3, 2, '', 1, '2020-03-10 13:40:29'),
(30, 'NoFdK0WzRTVeU0GXKbvl4uVUNwA3', 'tyaamariupol@gmail.com', '2', '2', '', '2', 1, 3, 2, 'data:image/jpeg;base64,/9j/4AAQSkZJRgABAQAAAQABAAD/2wBDAAMCAgMCAgMDAwMEAwMEBQgFBQQEBQoHBwYIDAoMDAsKCwsNDhIQDQ4RDgsLEBYQERMUFRUVDA8XGBYUGBIUFRT/2wBDAQMEBAUEBQkFBQkUDQsNFBQUFBQUFBQUFBQUFBQUFBQUFBQUFBQUFBQUFBQUFBQUFBQUFBQUFBQUFBQUFBQUFBT/wAARCAEsAMIDAREAAhEBAxEB/8QAHwAAAQUBAQEBAQEAAAAAAAAAAAECAwQFBgcICQoL/8QAtRAAAgEDAwIEAwUFBAQAAAF9AQIDAAQRBRIhMUEGE1FhByJxFDKBkaEII0KxwRVS0fAkM2JyggkKFhcYGRolJicoKSo0NTY3ODk6Q0RFRkdISUpTVFVWV1hZWmNkZWZnaGlqc3R1dnd4eXqDhIWGh4iJipKTlJWWl5iZmqKjpKWmp6ipqrKztLW2t7i5usLDxMXGx8jJytLT1NXW19jZ2uHi4+Tl5ufo6erx8vP09fb3+Pn6/8QAHwEAAwEBAQEBAQEBAQAAAAAAAAECAwQFBgcICQoL/8QAtREAAgECBAQDBAcFBAQAAQJ3AAECAxEEBSExBhJBUQdhcRMiMoEIFEKRobHBCSMzUvAVYnLRChYkNOEl8RcYGRomJygpKjU2Nzg5OkNERUZHSElKU1RVVldYWVpjZGVmZ2hpanN0dXZ3eHl6goOEhYaHiImKkpOUlZaXmJmaoqOkpaanqKmqsrO0tba3uLm6wsPExcbHyMnK0tPU1dbX2Nna4uPk5ebn6Onq8vP09fb3+Pn6/9oADAMBAAIRAxEAPwD4KWY1poYjjKT0NMQm9iTk0DEWU+vNMLFiCOW7dUiBeQnCoo5oA0rLw5f3V0lu8f2ZmYL/AKR8h+oU8n8Kl6K44xbdjpvGG7wvc6K6OZZPs8gbLdV3EA8fn9a5qTdXmv3Out7jj6EusI9ubu6clIRGrqTgBlMabVz3OJeg56k9K2pNchlVb5rmYl093p1u5+UGNUJweQoC/wBKOVRZoryijWtLmG006OK4V3vG+REjHUkNgE/3gSn05zWbTlLTY00UbMzZ9Wmjs1tlj2ys/wA0qseAMdPx5z61oo3d+hk52jy9T0jwL8TBJGdP1weblQonYDY4/wBv07c9686vhre/A9GhiWla2x32h6Bo97q6TCR4Yi+8JE+FH4Zx/kVxuTirSOpV6s9Lnt2mXthpOktvvd0SjOfQZ5NY8/NsiKlGLV2zmdR8OT+JZzeSho7ZVItoZcjaP77Dux/Qcdck9Ci46mLrKmrHzF8TtPaPxbqtrG+5oTGWZiCy5SPkt3GT07Y9q9Sg7QTOGo+dkugpJcTWZVd0rWy/KMc/MzfyjP51zVtFJLuddLV38jh/iCXsLrT1TMYe234DcYLuvb1AFdWHd4tnFilaehxZlY85/DNdRx2G+a3rmgBd5PGTQAc44oGOyQOcg0yWRlmPTJqh7Dt7e/5UARjOSKzQyTaQM9aYhpJNAwUHbntQhGtERfS2VqkXlAIFG04MjnJJJ/T6CqY1udTaa3pnhYGO5kn1S7TO6CLCRA4wQ0n3ieBxyP1AwqRc1ZOxrGXJqZuvarceI54765kV52PlRxIvQZ4RR2AJPPUk9+cawgqcbIiUnN3ZH4z8QNqF21rHjyLdI4m25+ZkUqSTznk8fy5NZ04OEbMc3doXQZ/P0iOEZLxyN1BOAQDx+tTPR3NqTuuU3buzMSxFopIl3M0Uy5OGIBIHrgjrn3xURkrbnTKF90Y97FIt4VLGNo2LNv6A1tF6HJKLvqdb4Z0uKco75lRolb6gk8c4FcVWbudkFy2t1PQtI0S8sLyzsrG8KvJF5nlSpvEY7AfMD1zwSRxxxxXLzKa5mgc3B2PU/D/huTSI5bjU53ukt0MoRm/dLjJ3bQCSRjOD/SsVZ/CjSc+aN3sejaNqi6j4XsryVVIvLaOQbAD94Hp1HauacpRmlYyp0/ae90PlDxlbS6n8QdeEMSXDi8VLfPIDjau1/wDZIQgj2HtXqR92lG4/Zq7sZ3gaaKKVASCyRqn3sqCpbJ9xtdccc5qcUrRuu50YOzkYHxs0+a6uLS6jQOlopgdUBJjjLFoyeOnJGfUEVpgmuS3cxx8U53R5dMYlBiCAHdnzNxJA9PT9K9TyPJIRG2zeASM4zU2C4mDimMUKQtAgJ74pjEz3p2Afu9qLE2IgTuPIznOazKPQvCPgWw8T+G9Lv3kvLaFNcFjrF6NskdravEJEljjHzsUSC9dyTtCpH05yXCxua78I9I0u9+Ilkj6s15pmqXtj4dTYjx3iWTNJe+c+BhorbZIdoGSw47U7jsaHjD4YeFvDvh6MLBrelakdE0nVLfUdRu43tdUluobV5re3iFujKUFzI2/zXAFuVIy4KlxWMPR/h5BaadY3tzfyRavcX0EcdkzxRLDbTLceVI8jNhGcwEgOEAjKPllkBUuOxpJ8G007RvCl9qtyJxqmraiupNpF/aXgj0+zgtZ5ZY2jZlEgjmuGKs3IROB3LhY43xnFF4V8RXkOli5eyyJbC7vY9k0lrIPMt5tn8BeKRHxz97jFUnoJ6HJQxPPIEVdxbgH+tK4WO5tbGTw+Ib2OAyWpA3HnDEjJBPbPX/8AVXM5KpeF9TshzUbTtod/bX2j67YF7Uvcy2kW37PHExldzgbivRRweSepPtny3CrTfvbHq+3pzj7r1OO1HQrptZmRl8yZmDMRkqgJBy3HJyecZ5r0Y1U4KzPPdN82u7PSPB/hKbT0E1zYSSP+8KQMVVJBGVDHnrgtnPT0BPTkknUTaLrL2bSb17G54Wjkm+IMsE5k8xoVJIJGCRk9GBAGcYH0xUTSVLQ503OpqepePZbe0+HesTwC5Uxw+QxkkkAB3YOQxweCfz9a5aLcqiuXUlaLRB8O74Xnwv0+KaAy3unIYpFST/VAqGjJA74K554PHXONqq/eDo35NDxvUNU06XV7uyispLS/lv4yxhhX/SgAAQJGYnlgDxjh2JPTHVOS5Lo3gt9Dzyz26fbQToxTUjcyQvCki4K4BQhMZAOcAng9hxXoThGdPU86nUlCehvX+tpd+HLbUVCw+UwglWWdQrJwrx7W+8Msh4Bwrc9K4IUJKbS/rzPQqVYygmZ1x8JdPuvG/giwF1/oHiK/soJRaMQyRzyIpMbSL95QxBDAhWAOWBFddKrz3i90cFWlyWfRlN/hdDqOqQ6Rpml38d/fW850+RNbs9Utri4i2SPH51vGqArD5mV3Ft0kJOAfm31MLalub4f+D4rFpk/tlrS5ttRntNamv4Y7RDC84gRkMGZGcQp8qyKSZBtHABLgUbz4W2Fj4U1/V5ru5ia10bT76whIUm4lmFkbgsccRp9rwOMksvJ2PSuwt1M/4wfDi3+FurHR5muX1Np53CuylIrdZXiRWIX5psxtvAwEI2Ebw6padwtY89LZJxmqANyjtQAkn3vTk8CsgOg8NeOL7wrp2q29kkIe+s5rM3DgmSFJSglMZBwGaNXiJIPyTSj+IEAXOkv/AI8eIr3xD/aSrDaW019PqGoaRay3EdjqUk1w8souIhL84ZXEJwRmKNFJyCxB3ZzviHxfd+KNVttUvY4I5reysrFRApCiO1t4reMkEnLFIVJ7ZJIAGAKQtzYsvEeu+L9Q1iRYIbiW/u4byZhGsMMBjWZI0QLhI0CzMqoowAqhQAMVMpRhq2aRhOb91Hq/hLTtS0fwvBpcuoRQvC91Pa3unRSRXUD3C2iytDJuBBKWix5Ef3ZZs53Ar5lTHWlaMT0aeAbV5syPiN4Sg8RWVvcGW4vNWtYRFPfXl200s4VnKmaRvlDBWVB0wsaLjqSUcVKc7TWgquEUY3icVFpFs8EVuyXKajkRxwRwFg/oAeprucmndPQ47RS97c9N8CfCLW7gRS6zqEtpZt8q2MbEybT82GPOzJUcDn3BFcNfE018MbsdOM20nsdymkaZpNrcWGl2Aiw5C7fuuwXG7g/gWbrjnOa8yTqTkpSenY9GMYxgoLc4S30G+gfU72XNpKJgPLvWEWYWYnesbN5j4Kg8KSRnGckV6SVo6hObp6NXZ6L4J+Gfi2PWLK6unkg0+RJD9ouLV4xuliVHKNKiDJAxweACAefmiThGHKnucT5pVFzI2NJ+F0tl491G5N4JVt4xNJMk9ufIG3AJ23BIXryy44+lU4c1OyZEpqE22dV4v8KRa/4X1CGLWrDVL4BBaWkF1E2+YuMFwP4QM98EgDBBOMKNP2c9wnV5lqjjtC8O658OvFq6frFlPa2es2WWZkzH5qkhQ0gJBJG/vzkde11IynDmXctT5NPI821bTv7J8SatfXrl7SO6QJDvKM2cKW/3MOwJGD84A7sjv7lvI7ISfLc8ts9Iu9T1S7LGZhE0j3M6JvEUIKrvfHQA7fxIA5Ir1ruUEeWtJO5F4p1oSaLPbkGOF8JCjAZwCMsccZPzE471EV7xpP8AhkFj46n0FfB+pxGOe80a+S9iW4DMrtG6OquFIO3KjoQcZwemFCnyzlLuTUqc0IrsLd/F1o7qyk0jwxovh+GyWdoLfT3vGVLiVFT7RumuJHMihE2gtsG3Ow5OdjA5DU9en1LTtLs5VRYtOheCIqDuZWleQ7ueuXPTHGKANvVfidq+twzxXSwNFJotroKRqhVYba3aF0KAHhmaAMxOQTJIcZOQgKviDx5f+JrfUIb6G2YXWpSamjKrA20kufNWM7uEf5Mhs/6tMEfNutAc1imAvFGgDpSBI4HTJ/nUAIcdMc+tADQSQTnHvQBr+HtEbWLghmZLVCDI+P8APr+vvUynyq5rCHOz2/wv4ft9O04BoFtxH8ywtHljn7pYfxM3OF4wBk8Y3eLVqNvuj3aMFBWtZm9M0OmWrTSsqscbo+5z0D7evsoGBx1GK5oJ1HY65OMItyG23h+/8VXMTPK9jYxjKBlCvjAyUQcIORz9OD1rsjy02+549fEz5Pd2PTEtPDnguz0sS6OLy8cwhhIUMhAU4d3Cg7juJVQeBt6YIYruVRWWyOPDStdy3Ogi8P2z38Frqks1tPKQ8NnYLuuJUwGBmBJ2cEDHLDPQjkc7gouy6nYpOcef+U0/F3htvCXh6R202eyFwhSCx0UOZrnPAaWVVdn6ZCnKf3ijYxfsZJq/9fMqlVp7s8s0/V30lhZ6XpU+ilpZC8jo6SmMALIjKhe4ADKGx5xBJHQAAaVKiba/r/J+p0ckrc0VZHUeHtM8U3UbzaXbaVaWSjKyXEMcizkAjIMgkboFGWx29K5pVI7NHLO/PFOR6l8NfidaS6S+kas7aZrOnXe4iztbdPPcMjYPACk7GXIB+V/YZtVfZRso3TM50VUk7s4HUfCenveK2oQW06iQMY0QwqrAjBAi2jgAfeB/nU+1k7tLczjG8rMpa5rmmR36XOla1rHh7UY12o8NwxhkVSxKsBwVBbJ+Vzz36HenKVrS1KnSW97HE+NPEum+L9Qt9Q8Q6BFZ3LExwa/oAU7WQ5UPAXEcmRyUUxvyT1FbtSS3ua0Y+7vqYPxA+FfiDTdHN/pq276ROkP217UMIWVV+SR8qGXAIYqRluGCnGa6qFTmVjirJxldniPjhLW3t9LktS17EVk8x5U2AsenAY9unNbU3a9x1krRaMXX7e3bR9DuLUqFNqUnXn5ZhI4PJ9V2H0+bFaI5+hz4NAATQAE8UANzk+lUgFB7UwFoACdzEk5ySagAJAOcYNAyWztpb6eOCJS0jHAH9aW2oJX2PePh34Yj0rfJLEyxWMbu+5M5fBznpyBkY9SfavGxlXmXLHqe9gqPK+d9DTfVH0+Ga8lKyXO5zz0aVgAcew6f7qHHpUcnO1BbG8p8sec0/COmm7Y6rqK+ZFEjSxq6/wCsOfmkYd/QDAxngVdTlpPkiebUcqsXK56XJpN5aPDK9oSZmMT4GWjccqrKOQSAeMZPTsQMOVt3MIq0eVvVHZeHPC+r32oaFaWempf+I7kGS2uLoFbayjz94tgglTvYe+7B+6H7YU21rsZRcG9Tp9Z1LTvBjWCrFF4w8STQtEL9YowQoCN8uw4SNTJu3yZC4yQ24OymuR27GkJcytDQ8v1rxvrHiLxOYpde0ZbzZJFJawRXVyxkKOApECiJgCMZ3f3m+ubk469zsw9KLXvI968PwWGjaHHba02naikT7J0jjjWO2dycKuzBi4Kn5hnnAJIzWTdoWb0MJtyk122NLV4NOk0S0TRFEegQDBlGOGAC7B/s8jLDj7uCQRnnrpOHNTKgpc0udanyP8UGeHx5rOq6XMA0MwiJIILBQFcH0wc/5Jz0UvgSZEvdk2jfPiy6uPB2tXEiGOe2s0Ec7AssmQBuUjHIO4dOwNYqCjNJDlGTjzo77wx4A0+w0WOFrdUu5II2uXVvlJ2gHAzx930zj1onWv7pvz1HJJnD+KPCkXgnxbpniXSbW4doJluLm1hfH2hVO4jBUgngkZyNwUkHGK3o1pbMzqxV7o7vw18bfD3jMW+k6TPcXDSMRLa61bBGuCVT5Agd9wO0sSW+8QRziqrSnCfNAz9kpo8m+N/7Odp4l0O48TeArZUEamXUdDZ254/1kJP45zxnrzkt24Wv7T3JbnLWh7PU+P54lg3RSI8Qyy7H6o4OMH09K9Aw3K1zHGAWGVJ6AsG+nam0hlQ9wetQOw3NNAwz/k1QgBwfSkAbx60wHKfmIqBvyBunpQCOz+GGmC41We8lTdDbRNJhh8rEDIX8TtH4muetK0bdzqoRu7nsvhq5+0aXc7WMhl2KHkIy67gxJ9eCMn614lWKdRHu0ZuNP1KqaefEWrx6eudixqjcYwOCW9jtB/E10wfLHm7mGIqJPyPSNEltrI2k9zFstrOdIpERThFACq5X+IL8rY6YXuODyyd22ckVeVu+x1OqxXGm65p1nbR/2jqmoMY4hbMSVEiZU59WHUsOAwzgk7ete8lFbfkebSStNy3X5efzOivrfUPC+l3doLtrpYoDHELdgy3PyRvKAM/MP30aKoBLIJumQB0TfK1HuOmkoc7Nnwr8L9cvtbnn1Bo7SWwkjl1BY545JruYggNLySm0hirHgbWYhZC+Yipt2i9tTpj7Pld92SRSeHtdmlXSNGa+clbf+0WUvAzhQDO7yfvJCApxI4UlmLDI5rmrOLmktjrtUjSbUj3eXw94fstHtrlbm3uNMiXz55JMsHGAC+5f4B82R05J4wc7ulTdNNbnmRm+bV6nmfiTVL2z8fp4fSzkttF1GJRJIqIoLmMKEQg/Iu7cd2f7+DzmueLipy7M6pSlKNk9e5xnh7StI0zwjqfhaO6sb2/vLeSWK9cyjLHK4cFOCCVbqeW7cZiE7Td1oXNKydzzK30uHUfhhqFnb6vp15JsKtH5xh+ZegLSqigDA78YolBRqobn+71PfPBtlZz+ANKN7Zzy30sCGFbonOwcAluA/G7J5yfwNTWlGEXoNaTUvI5/4ieH7e50W2ZzLbPattR0Jxk98L25HX0rioVfxOyrBSSkj5m1XQn8F+NbvU9wWBmaeCNCR50n39oHXarYYlcEBscFq9aM7wUjmSfM4n0B4J8dRzWFrqlvsS78vzJU4xNn7xC9CwAJZe4J44NczWt0Q0k+WR4b+1z8JLC40uH4h+G7VI7CSQRahaxrwj9N/GMdQPcbT1DGvYw9X2kbPdHmzpqlLl6HyRM48zKDAx0PNdjJXmRUhiEelAASe9O4WDPHtTuKwlK47D8Yb3zSEOk5AzQCPRfA8L3OjpaQjElwcuVJBChgxP5AD8RXPWaj7zO6gnJcsep6tF/xJrTTLdQA81x5jFRwo2bWAx2+ZV+q+1eLf2kpTZ7co+zhGC3OmtPBmo6Dd39/IFjuIpILeSBch2jaESEjIxztXHfg9jmrbapx+84a8YVajpz67HRadcQm5GqAvcadZptvLXYcsGICgp1BDdR12F8ZIAqYuMo32ucjp1eZUJavo1t6F621i58M6DqGt3s/ma1K7x2E+cMY3JKy5wBuCZyR0zE3STFbqzjaO/T/ADM5wTl7T+bddi34x1NfEug+C4dSkuZ9Pv7mytJZFlwyqYImk3MVOceYoI4Oc/St5NSfMZRjaDh3GeHfiZLp/wAO7/RLN7u31HVJbnToYzcyM0oMCRsFY8quV2jBIDHkDikpuKnLvoej7ON4XWx69p+oadfT2sWjWcX2FZ3mvrqQCSOcNjKRs3zEkknCjHAHAC556l5JOCt3ORwpuT9tL3uie34FqL4xTeE/9Faw8zTLmZNx1K3ljiVJCodjMMoVGTlgSu4HngmtHUlD3eXQxp4SpzczYniXVtLuNXsAdMtpFXzYoRYFE+xnydx3H5dwYsAVIBz05yDlNuUl2N6btCUmYnibTryNb22tltbmyvJ5vsrx3Co+zceMOUOQOh6YXIJ4yo0v3t2FRJwU0cL4+8Ez3XhPVI9EhS5urqRzKIN7Kpz82w4GQ2QScYVi4JCgGuudO0+cxVRyXKzu/g++o+GvBukaJ5bpHHbx77a6iZ1JKgsADgj5i2DwR07V51VzUrtaHTTjBK8mel3uh2/2SCfUopE0xxi7SRz5kQ4HQYOCG+8enfqM4+ztNM61KPJaLPkj9p6DSl8WWp0hg9jZxIrhZSVj+ZshSTk8Hk+p9a9GPK48sTmvJT5myt4Ee4nsLTUYbpopIpf3txOyxxMykEsp/jYZAO3J4zis4rXlZVeNnzM94tPDlj4y8N6lpM+ZNG1mFraWUodsUmOH5wRtYgjgfKfUminUdGomc9SkpUk+p+anjzwffeAvFuraBqcTw3mn3DwOrjaTg8MPYjBB7g17vocKOfIoKE6UAJQAdqAEz7D86AuSMcuR1GaCRWGQKBo9p+DGnrLYy3Txl1KdD0wM8dep2n8q8jMKjXuo97L4J3kzvLW0TVNcjZ5WKWoWNTuyCyqS56DPz7R68GuCfuUWurR6FJc1VSO0kdZ715QRAiTHMTcKCgEZIPQZCAH1wKqa0UfJHBGrD3211/A37mzjlTSbQSi1uZXN3LMx+R4wWwpPQgRiRx3G/OOKajfRHJRclJxWkX+HmUfif4f1q6sLd7bTPK0+3tTcLEZEVgxAklRYy25ljTZGSoIURckY41hdO5coqackuv8ATOf8M6xbeIvBkOlz3kFrNaJLHbPczeWG3lZcjce6tH07W4UHMgFbSd4OJHs5KSm1/TuRWckniv4h3LB4ykMpghZ4yNrknexQHruMhP3QAfpjmqtq1v8Ah/Q758vLbdv8D3rwxp2iDSLrXfFWr6jptlJIfstqJTH1OQoVVZslQWPfJXnk1tThGWs7o8ac3SaUUnbrrf8AMXxT8QrWHQ10Pw6JEsI8rcapf3T+YdjZKIxJfnKnOeQVAx0JVey3KU3J8+t2ZvhW4udZxr+pXP2PTbAtJbs65Cv18w+vKjIPUK/fGVFcur1KSTvcjs7mC5SOa80K91kPqH2uCKNQGSPaygb+OgbGM85PoBTXVyVjCfaBXsfAlnZXX9ry3p8OXE4WQG3MkbM4Ocn5grA8g8d/bmFUa0SPQjguanzSkek2/i2W48P2mkvqN39rDhoxbSpHI8SpnLJgBQQVzx3BGMEjrtePNNHO6cY3UZFPStf1y8vpbbUrBLC6tlKyFz+5mVfv8EDC8jO7HU5rxqqakmejRcORp7nnnxj8PaXpehNfW+nw3Elwsk3msQ0cbA52Yxul2kD73BBBIOa7KcrT2Oea56d+p4F4Tv8AVdQC3Eiy30STC3aVtxRNuPlQjAQY6KOKKsnFnSl7aCXY+7/hv4GVfC08V5chAdjKtuQxyVJGQf8AZz+VTCMaur3OCtTlCTR8Q/8ABQX4djw7460XxJD88er2nk3ExOGe4hCjcVzkExPAT77q92m+aKbPN5eV2Pkz1rUYY4oAQ0AAHencAx7GkBJj5uB+FBIuzeVA5NCVwPcPhpN/Z/ge7u8bSixkjgnAbII4/wBk/rXjYuPPXjF7H0GFfs8NKa3O78J2v2DR3v72UiSaRIFZuu5+Gcf7QHmPx1JFcdX97WVNbf5HbTXsaUnLdr8zprGK3kLQPCs8pVd0OzILH1zx155raUk5tnzq5krI7G6srSbXdSSzsUYDy9OWVSVCIzCMGRgVBxGjfL8xOeB0qHNaNnoYahOTTb21Knif4n6PpOneIrCXUpU8QQadNPbLc2wjt7fz3YwruCsxkRrhSoXyxjG4E7ie+nFcqaRdWVSS5G9nf5s8D1PSLCwvo5dIv4dRt9iq3lTBRK0jEgIsgRgMPGPu4+XuM5me1mrBRbbs+n9fqereCtUuPD1nbzX2jszfZzGLwwMNylAAqY/1qgE85HBGCBgDzleU/LodeL5Fh+VP1X/Bvf7j0v4g+B/E3iq40uzhCW9tZ2qhYLi6hVpJiQXdwHUnkqo+Udu+K9KVNuFpM+ejKMPgViXTfB2naVG9xq99C6SRRb4AoY70RV3gglSeDyCxwxyrAms2orRiVRt3Z0Wq3tlb6TZNfwpFMYxJaWbxbyi9nKDAydq8kgkgAAKgWtI2hG4OTkzjNbvNU1mQi01F7SBFy17cXQKRjjgQoEA9vnznjBpJ8yu2RJpPVal7wddubkWmu38fiuwfbLJNfyHyUKkZEa7eGHGS/PQ4HytWc5+ztZf8A2jTnVi+RnoF94fbTtcN488f9jTh5I9QBiWQB1wy8nJPAXpznPGThTbk04sVOnKCcbXZ241COaKS31Jo9lwxSIXsZUkbjwZc5A5A6YHGPUzOMWrvWxpTUoNPZnkPxu8Pvf8Aw/P2G1XSUt7iSR3kmO0kYBwznADKSSAf+WeecmslJ8qSO9xjzOUj5u8F6JFJdnT4rs3Us8qzww6bavcSB14cAYXqpzxn7taVIuaslqZQqeyld7H2/wCFGu9C0uC+tnvvkiWNnunKuxUA4ZPvdAT1rlhzQklIurKNad46HiH7cPhw+I/gfcX6BJJtE1Nbt5CcsY3byXOTydxkh/75+terhavvOLPLlFv3j85u9ekZiUAJ7UAGc0AIcZoAkwN+G4H1oF0Hq+0ksMjH9aBHtnhk7fBN9GpBj8qJugPHmKvXPue3evLqWddX/rRntUr/AFaR6zoPiN9M0LRdJjkud2oyyshtZmj2OJLf5mA+8AkTjkHGTjqazouMXKpY2xU21y3/AK0OsW4UePRuOI31bG4njBl6Z7k56DNcrbb9TijDmST6EXhY3CQItzLGlxNfxNEVGwqw34G3eQCS/UMXOenQVi5KTsexRpw1j1W/3/ied+P7q91TVde0jULG1gt7IQRl7O2IW5kMAKlzuJOMqfQkA5HQ9qnywjKPUacZQlHouvc8u0eaLS/FcEc8cUMZmKSo4O1MpngHpk7eD0PHvXU1zwujy03GZ6d8P9ak/wCEtvRZySQxyyW0UUnliQmPzYAoHAZl24wMnhgO9c/vXUF1N5qKpuctz0JfEOrr4l1WQ3hh/wBNuGSJMLtBlcjsCeuSe5APUA1nUqO/IcEqacec6zwhZrqmrWFte7biB3AkeQneqgZOGHP3RgDOPalBubvI5ZRsdF43sINT8Tald3V2YlThLZzsARQApz0wcjA4+9nkDnW0Xv5ExUminpPw9XxVC73N0mmpGPNRQu4KrbyMKWK7W2jGFUk9K1jaS1DmlGRx2i/D/VY/Gepabb+IIIrRpZUYLBlo2R3CbSScv8uOezGsm4x1aO+CqPWB6RonhDXL7wrILprHWmsLzFlaBtqomASckDJzySev5YqFWPJboROnWjN23NLUfFsFzqX2G4v7q3mt9kkiwRLIg6bgH5YJv4OMnr1yKznUSV4rQxjGtzfvDUi02XSo7e7nk2I11bsbkPmB0LsZA/IRgQUA/iDbTgdTFDVpM2q/DJnl/i/RoNKtJJ7GeDTGub0S3b2xRd7CVEbKhc/dkY4JPJYjqa3nJQlzRQqbdSHLJbH0Lresmz+HC3kjLdW6RJmOUrIWJij+YfKeck8EH7wqXzWu9yotQ1R5t4/0K7+J/gLxVYCHYl/pbuqGPaS2wOuSF/vqp/I1NF/vlocrkuRx6n5VyxlJCp6jjFe0ZXGZpgHrQAdh9KLAN49aAJXwWOOTnqaBFiztFuSVdiHbCxogyWbOOfQDk/5yAR7XBBHYeF5oRkq9pC6pjBGZ09foa8m/NWv5v8n/AJntW5aPL3SPT/CujHW30+7gCp/ZYmTfMW++QjgAY67JB6c8dqxSah6kVZpy5TuWa0tfG9rALD7RcyXTuLpp3DRYuWUnarAKvyqQDkt0PArn5r7CmlCm5S2L/h3SUaAPBO0X2C+tHkZlRt4aQgnqMKNpyF/ukAHGDlBJt36WPbw/utOezv8AJX19d+tzir63vrm31rUNWsxa6jKu9YgMxr5ZghUrnrxG/PsfrW0GpWtsl+py4+P1Vckdm/0R4R4pj+16xqSglNkpkU9ckAAdveu+DcbHnUmpX5j1D4XaKplivWAltZLOOSEAbdzwbNx9Qd1uee5Oe1YSnaRtiG+TTY9a17S44vGGo7FxHdSm6jK9Nkv7wY9RhxWE2oyucUacq0VrodXZ21p4Ue3ur0qkpHyRdwDwXYY6YOQOp46DqoSvqjWtS5ErbEfjYf21cLq7HzLK7iC3cxcYhK7ec+hAUj1zgdRVyvdMiK5vd7HMX9nPc2gZden0u1s4UmSIwY84bSMyAhS42ggYbAGBnqa1hNxe2gSpRXUpW/gG+j1ubUpvE8uyJGKxxxhXaWQNsPygAsWIcEDlV4GAMOUr9NDeNN2unsVdfmufCulWWg2et3jX283l8RIr+UzDCoTg84OePQHoeVzpRehyyvKrdPY1fA8d4NIZBKzQ3MokmubjlIo4wec44GWbOOpUd8VztXCdSc3q9TpPFni+0n+F92ltBIbY3am0Y4RpDEoZpSD1+Z1+X2x9doe7aRST5LyON8P6vPq+txC4vDfrdztdG11O28yEjcGHQnHy4wVA6DtxRV1jyl0m0z1b4hePtQ1eWLQDJaNZS263iNBOsXluqsBGqHBbkKfwFTCc7czFX5W9DuvBumj+xJTMWZXtFj3NnaTsjAP/AH1/I1tz8nvI4KdP2iZ+X37QngOT4efFXXNMMPkWzzG5tlHQRSfMAPpkr/wGvUpT9pBNicXF8rPNyOPetQGEelAAcjk9aLgH+elAFhWDOob7qtk4HOKaJN3wv4ee/wBZTDiW3jYNvX+M4yAO/wBfT8qyqy5Iu25vRjzzSPXdYvbe3TSlKNgzpCjEgExRb3Y592PH+6a8mnGT5l5fmezXnGPKjrvhpul07UL4zSQGeflYXbjCgnAz6sR+QqK7dNqHZHJFKrO56PY6hNCLe3iit94U7ZHjDMiFi2efcnHHc9a5JTstNxun7W7k7RX5mxNdxiWeGINE+phruFFGAIwuVB9AscmfYmsJvlcvOx61CDrVkl0Vvnrf8URePbcTTI7MFEsjxSZbKKs+8g/8BJkP1AqsPKKcor+tCsdH93TnLrd/kv8AM+dNK8NvrOvTW8sZiPmGSViMFcED888f/qr0J1eVWPHpQcfeS0PZvDOkzQWNvHZRBrqyZXMYHy7OAT6BVYEkn+/WMfe1fUmrO+nQ9I+y28OlQX1s/wBqvNKQRPKy5QW7MTE6/wB5lJKEngHGOgNVJKUE47mkKnIrWPNdS8d/8JCLuMWcckMV5g39y5jVgF+ZFYEsxz/Co7gk4rVRjy6szlVuzU0nxzf6ZZC2t7KN9KVSZnm3GRhnqM7ggHy4B3dTzyaqNSMfdauTKm53lHc6bQ9O8G3KSJLaazBc3Hm+c8FwC3mRwHdsJUncQ+3PBJAbqK3jUUtbHBKTi7GbDrlgjJHplldEIwRZriQstsDwXwzYLcffbDHgEnFQ5K9rE3qOz6HOXmgWsd/HPc31vK8qeY8iTjhwRgHGRjnB64CkjqMZ+63qdHNZKxJcarJeXUWi6C0s0cpUGDd99ldlBPyg4bhunBYZ6ZrK3RM30W5U+KmowNaxaNZuph0yP7I05JxJKTvkIB7Fs49gPwI30SNF8OuwfDDVIZ7fQbqd45ZbG42uGySygkBecjJVgOnp6VFZtNmlHludhqV6mo+MLWNAHnjR1DJ03SsEAx2wNxx/s0UE2jLE8qeh7ZoWrxGxvZYydsky24TBGQvp2xkMKKkny27E4dRUrHyd+3p4MaeLRvE0UfNuxsbhwOdrZePP0If/AL6rqwFS8XFlY2ChUVj41PBx1r2DzhvXNAADmmgD8aQE8G5powFMjFuEHOT6UEnq3hqzltLeCyiXypNoaVlxtQ7csxJ6Hrz268ADPDVak7s9OguVXMPxf4iN5q1qtvG0ccC5jiA2krtPX2Iycf7RrejSUI+phXq+0loe2/CyGbTvBWlmUZ3J57vnLHexfJ98MPyFePinepLyNqCfTr/Vz0XS7ry9Onllhia7mi/0aOVyFLDL7TgjJCBz9R3rjWl2dSg5VY00/dW76XOj+2CLVrO8mtonNpGLWaFIwsZjfL7TgY+ZV249FqGrNP0NcPVtRm09X+HUzPiFrMWq3smg2Vq95f3yLa28MESh/Jcq3nuFGAoPJOM4kArpp4efN7TovxHVxFP2Hs3q3a3kuv4lBPBFto0kF/fSk30y+VdwwEM/mrjOTyFzwe5yTwOama55+SOGlW5abiy7bXMsUuIYEt7Q8SW65CuMc7j1bg9zx2xVXS2Jjp8Re1vWG8HWTxwMtxczIywxS52LG4O8XGPuqQMbcg5wR770oL4pbGUpOb0OVufhzc6zONa0yc2+nwMEuNOmGXsVVfMMYVVIMZTlHAHDgnHOblyTehvzxoxUn1L+na9ZeHpb17GOS9tRKCJXV0KbeVKoCTtBwdpJJHUms41LOxlVbbfK7I6DRbf7LpkbRROLgW8zoQPkw7CPkAg9uxFDlynLTfNKzRleJobq9uJ7m8kVmJxtiJCrjHQEkjn3+tcqqpysd7guWyKGm+F59Y3JBbyXTykACFCxJPQYHrWyu3oc+mxf1TSF8CW7CKUP4klQoLuLBSyQ8FVboZCOp/hGQOuRTai7HRFX3R5T45lvH0iS6bKmHaskeSOuAGx3Gf598VdJpysFZaaEOkStpuseUqyJbzRROY43DchQMgfhyfpmipaSIh7r1PZPDJe1jk1a5iPnkiUAp96aQFYEOepVCx/E5rOPuqyMqrU3c9W0+eC3ttPs4gJTDGryOpOGZhuJ9/X/AIF7VzylvfqWnZp9iH46+AU8ffCfxBpsMQe5ksjLAoXJaWP51/ElAPxp4ObhWs9mdWLXPFTZ+Vs8bRSFWBDA4IIwQa+oPIIueRTAAOaADI9KAOl8E2T3esBymUh+c+5/hH4nA/XtWc5cqLpx5pWO/wDELvo2j3RbYC8IeTZwGU/dAHbkqfYbR2Irhpe/JNnpVf3UbI8tAutXvIyiE/aJvKjVem4kDaPzWvRbtqeUz67srNbe1gtYVAiULGFUAKqDAx9MDFfM1Hzt3PWpNU0ps6bSFeTU47pTteNwsGQMLyCze/QDnt9at6bnLKTu1DY9E8Q6v4fS3ltbi4lmvZkCPDbsxWF8KFbrtUADJAGew4JpRlFvVG7klB8hyGgWZ0eGWFRI17DuW4eaQPJPDk5QMoAAXJweflOc8c9Dqu/uvQ86fNyps3n0x5k+4pilCSeeQcyYBUEjJ5AyDjHOc5NcTb5uVHSl7tw8R27eEdLnuG/dXsSMxfHEAxxwRy/8vr0qmk9WaP4TwNNdmE9zfasPPWeaOWdH+UAZAzkfdZR3HHrnJFb1JaJIvDxTqJvsdvp19eWJGo6XeTX9rEMssEn7+JR3B56dMcrj0PTFylH3i4KE19XkdTbavourxQ311DECVG+7tGW1kYH+J1IMZwfQg9au8bXRyezbbpPodUy6XpmmoiXt7HKbRQ0n9nm4ESGbcGOxxnPQHv8ApXTy81nczhFQdx0Om+GrK3lknTV9YTZujmlWOBGJIG31HqR14PXGa5VyPdndVqTnD4bWKtr47/srzLbTtGjsLdpFQ+UGaSQHjG8tuI+b2HFdPtLKyR5jhN2NKwtLLxBYRXEiiCJ4/NZnThQf7393k8nn6V5slNu/U9mk0/ctqeX/ABL8Gwra3FzaRErLG6tA0Rj3KOcEZ6jj0IIrsinC1zKqubQ4Hwrp82oeKtAnhtHurCRZ4VhXLb3whGQAWCKQu5sEDcB347YQUqbucFSfvJHvl8LaxhjSJ2vbOxdmEvA+1TscM/Xpn5Vx2DMOlcDdt+gRtJG1okrzSNPcM5nZss5I5Pc5rilO70NkevaDfJPpKkFt4wnmEZwp/wD10lJwkmjqtKtC3Y/K39pTwS3gT4x+I7AJst5rg3dvxgeXJ8wA9gSV/wCA19XRn7WCmjymuXQ8vxk1uIbnmgBaAuen/Cuxt4rW+vb0hIkG/nqUwwJH0I/P9fOxbleMY9TvwqSUpMxPH+sT39+1ruz5ZJn2Zxv3YbP0bOPwrqpU/ZxOarU53oVfBAdPFOiWhC4Goxu/III3IfoR8o/SrqaQkzKOrSPq1buO2aMbWeUj5Y1GWb6c/r0r5qKvqenL+Udbi8u/vP8AZ48nEcPB6926nv0xRKeqQvZqCujpb23WDU5lCghTgfTpWbb3Ieh0ehWhvFgIcrfQgeWwGTIo7fUdh3HHYA6t8y0Mm09z0LSUtFtg8ABmUhgMbhbN3kHqDgfTg9hkVk/Mt6r3TmPiXrdrpluNGubNriKX/SLgNEHeJM8MhY/MjMCCecexxneMuX4la5ny23PKLvSNK1TxFaxTKsVvdyiKKQwq0LkKnUDgYySQR6ZAyaxnN8/u7HXTXsoKb9TT0watplrL/Z73v9oLAk7RWjp5M7ZTcVjRcrwxOCe3IPBrS65uXoZV48sudbkJ1aLSlkm1PQLwwMvmO00UiInUZLIhY9gQzemDUwg1J2LlKM6ak92bPhrSINXt7jxRNBdy2+rgWaokqhFjALKkZKH7mFGOxXHIya1qaJKPQ5op6tmja6XYaJo/2ebV8TYSZ43jZEQABEBwWAYjJPTJZjj055e9P3TotKNNcxUstFutSa5aztXDSggXCgMqnJ5JycYznnHSupRUVeT2OCM1GpFtXR1Fj4dk0y2NxqbC7mn5TM7SRqc5LKucAA8A9iD0wMY1Wkvd6nsSrxlL9zp5/wBdzm9ZsoYJ0efciy5CQKPnmJPYeme/fsDWEFJ7ik72sr33PIvFGi+JfD1/PZW8Rg/tOJkjeMqnkRK5YwRt/AGCL5jHjaOdx6+9T92C5jyZxcpNRPY/C95F4t8qETQWtnHEs5W5DQtjbyVJHykcAK2M8A8kmvJqR9909kiqa93mN/RLeJJCr3KeYp/j3gj8CK4JfFsdCWh654cEZ0nMsoQgZwXwG6AHB55/pWkYqTNoSUE0fHn/AAUD8D/J4f8AFUJWQLnTp2RcYBy8WT/38/OvXwFS/NDsefVjaV+58WHjIr1zMQdaEA/dQKx1/ha+kTRdRhUbn4UZPYq5wB9RWNSKck+x0U5Wi0YGrnZqdwqzHImfB9ic5yOvWtuhzvc0/Ap8vxdoMYIZhfIMjnALDp7dazqr92y4O0kz66s7dWfO0BmAGcfp/n1r5ZbHpuT52asEKIpIUDr06dqjdjm3bU37izjXUbhygIErDJ47mnJmCkmdJp0GREsagyEhRtHOT6fpUqXYGlYt+KPFsHhpYrqOYW2or8iHIRLiX0Vum4kgc8H2zz1xo3dyea2h5U3i278S62kmpj7JqEcbGSDcYtshcljGzfdPLZjbCntzgDSUr6MqMLQlIW6R4ZWNpFlvPSK4gKExtu4+eLrG2WBzgj0IrJwuy4TbWvaX+Ze1CS1tJ/tV295DdQWki+cE8+Gc+VgKsgYkjlezcoeT1Imm7EQ1gr/a939LlXxt4OvkmWPS3+1yxSCaOSM4LqQcr8n3SVPBI4ODiuh2T0MaE17R05bFG08Z6h4C0u6g1bSXMcu14YREonMjFvmY7eTjJzk5AOcblLbQi5q6CpKMajitjr9M8TXniLRong0x9QjkG5VFn83GPlbaA276HnNccVOMrSN6nLKN4s6iy8MSWy208ljIZpU81bSL5t5xyMjkYJ5Byc4weuN3Y85J3VjZc6nP5wkNpaWxVsMIwwikHA2gnBbnnAIJUcZPEyhFq8tz0YSopcsV7xbSz060s7OfzPt17Eux9VvWLSw4BBADZ8vIxlVwSCMjng5o+z1KlKTnaJ80/EXUBrXj6TTVH/EnmlESz2twHZ5E3MyyR/MSAZN23j7wJwTgdk5N0k0YUk1Nsn8GC50hpfDMmopOlqRNaRTjypTblmVAxb7wVg6j5iANuOtc2JTnFVI+jM43pT5H1PUNGv7q0VIZo2BxhFmjBbHbaSOBXltNG8Yp6nodvrbyXcDTW7xSPsARgcBRx3/zzRqtC6fLJ6lT45eBx8SfhDrulbFa6aDzraMDkTL8y4+rAL9Ca68LNQqrzIrw006H5VzxNFI6MCrAkEEYwa+mOFEJ4OaEA7igR0nh65k063aYDAluogrn/ZJLHHX+IfnQ43HF2JfEEdpHBfCKQvm5McbZB4Toxx6o6jHcqaUXdAyP4ZxiTx5ooY4AnDZPsCf6Vz4luNGTXY1pK80j7M0+2yVHVmHp0r5mL5kelUTjNm9pulxX6TbZJU2HDGOPd6k/l1/CrjC9zKc3omTrqa3EjyfZoklkYuc5IyTk4GcUk7e7uRKDXvIW48XvpVpK5mWFQOSiqnI9cY9alKTdkzqThFao8J8QfFf/AITrxFDFJG1y9sCllOG+Uv1DuuDux/D0Oeu4HA9tU3Sp8z3PNlactDVj+KGgXNjDZ6vBNJeRII3uELK7ZIxh2JzgAgqQeWGDisalNaSN6EuZ+y6HZ6bqUwghXSZBfoy+c0UxJuFUEMQoGCo9dhOe+RxXM99DZdl3a+VrGjp3iHT7XVhPd211Y3SruZYgNrEZ2714BGSScqSQetDSehxJTjTubuk6lozoQdW0m2n8sCESWUsci7Fwo3DKjkdVA69OKpNX1uVJSnF3W5zur+IdMtfE2j2y67NLbh1+1GHVE8syOAHDI8RJ6Yz14HIrou7OzIhdJJrY3bLxBbaTrl5K2rWxsUV98UccoPbBKpEI2xz1fsAR3qLQa+I6HFPc0PBXxX0jV3+z6YlzfygGQi8iMYQkjLHLNkZUcsTjHucqXPG7SuZcsXotDqde8UzX0Ly30rSOgBIs33OATjlzxjJAwvqOlckpOWsjuUHc5tNTtGtbhbn91H8v2WGOP5y+Rn5QeQQTkls9OlTzQtYcITU9VufOHxEun07xfemBUt9NknD/ALpvnExQbvMPUnlsdtpOBndXor3qSszK6VRprQ5y/vrzSru0v7JhJNaJmPef9bFjmM+2MD14QjoaqiotOMupGJjtKJ7f8PPiND4n022nsblgv/La3Y8xsMZUj8RzXDWoypys2YwneNj0+28QS6tfRSTqiJEDyuRxwBn8ABXFKbeg4pJ6HsGjSx6jp7K8bNGUydwPTnHB/nT+GPmdKV73PzS/aq+HyeB/infyWsXl6bqhN7AABhWY/vFGOmGyQOwK19Nhantaa7nltWZ4x/FXWG4c+9O4rGxC7PbRyJISY8gr12nJO7HpgjHvmmIpGVUQQTKwUMSR3Gcf4UtBk1hfSeHtegu4SGe1mDjHQgH+oqKkVOLi+pUJcrUux9r+EdbttR0u3uo5BLHNEGRh0IIFfKOLhNx7HszXPaS6mpZqbmbHAUnrmtGtLowcbPUXXdRtdFtZ57iVLeOJdzzO21VGe57VzxUpytE2nGMYXZ87ePfifN4wluLDS2aPTIU3SSspVpz2wDyE5HufpxX0NHDKklKerPPnNz+HZHP+F5/tnipIbYt5xV2Ue5BUfqwP4GtaytT1Ii/esj1Oy+GkLwLbz3cCu0ikvMAq5J+6PckjHTPtXlSquekTtw6UJ+8jb0PwXeaTqOoQW9y8NtDZSxeXkne8itGuzOe7ZGOwNLmu/eRbhaCcd73LWu6h4jilS3XXkvBHg3L3ESTCRxgELuBwijgY6nJ6YA0U4tfDqcU6fI7dBLHVPt+oWsWpw2jWc0m15bONonCkgEAowAwOelZKXK9UauDcdGd34f8ADmhtGsEGi2EW6Z4pfMMjlnAVjwW/usvPPUVjOpdt3OiMORKPc6u+0uCygRLex0i3dJMRokG98licgHcQcZ+ma5/aNnZ7GMVocv4rexhv7iK5nkjkMEio1r8rtEc712dMjO5TxyPpXfRlJo82tBJmXo/jlrKwayTZenKoL24j3JNHxmQIPut2KckEjkA5CqR5dYo6cN++9ybOga7sZ45DFBiVhnzImOT0OOc4+gxXnuTv7yPRlBQ2lseA+JL2z1HxzrMS3ccsN1IIpIbpPL3YwBhhkAjHXI617VNctNNHhVJfvGzM0/wtcwajHZo/2qyupAsPzKd3+zkEjdgnBH3hkDnK06tkvaI3w/vLllsdT8J/CUnhvxJrsTqITKkJCZ95M4/IZ64OR2rHE1faU1c550nTqNI+gPDNipKgndkAjPavJk7stHr/AIdk2QxyMTggZzx9P60JXNUfNf7b/hK31z4ejV0TN9pdwJc9xE5Csv5sp/CvVwM3Gbh0Zx1km7nwNkhq945xc0AWY2SOGRg22Q5HI7cfz5/KgRE0+UK4VuQQx+8BQFiJnZmJYksepPegZ9Ifs4eIBqmivpk04MtmxCqSMiM8j8M8V4mOhyy5+56mGk5w5E9Ues+P/GWk/DTw4t7fzfPN8lvbRkGSVhyQB7cZPQfiM8lCnKvpF6EVr0nrufJXj/4p6x8Q71vtcpt7ANmKyjPyj0LH+I+5/DFe7RoQor3VqcM5ubuzUlmggWMJhIpUdPl67GAMef8APatEm3dl3VrG98CbNNQ1a+uro7HtYkjRm6Zyx/lXHjW1BJBSXvXZ67ql4ixpNcTL9lBDgN1JHIH6CvJUW9jtjLXVnQW+vB7K2aGUyTpZNcYdORJvMO4k+jNv/wB5m9TWqjPWRdOa5+UwzBCfJQr5n7rAJ78AH+dZQlJ3Hi4cttToPDOlW4tZ5ni/0WMqvlRAZZiOEB98Mcn369DWrlucreiXc3or1obU6nNpDrYXcolA+0bJI2cKBtwTtBAT7wx8tJpvRHZTaTtNmV/wk2hXMzRwX9xqF2FMgu0eJVUZC7dhk3ZGcH5ex55FOGHm99EaVK1PaLMS9Ny+pSvI32qPMU8X2S1keVTgN8wx2JHfFdsaXLZHj1ajXvGVp2qHQHjvLTRpI4Ptc0UljehlkZRgrvXON2GJ5BxtGKbdrpGtN8yTWh39hqcevXEU8Ecen21wI1VyojRBtI9Bk8dAO/oCa8qo2tz1IK9jkPjj8PbXSNJmvY1WG8tnUq4wBKhPPPcjr+da4Su5y5XsZYmkow5upwvhqEvpkl7YOw1WzIurdSSBkH51wPUc46HvnkV1ym4TSezOWmuZXT1Or+F2qS+ILm+vp44oQkiW6iHIA2J2B6D5j+dZ4pKK5e/6icnKbkz3fw+gKhmLFTx8uQe1eZbUXMexeFNNEybdxZNo+U9+BmtqcG9TWOpw3xu8JR6l4T8UaXIocT2M8cZP94odn5HH5VdN8lWLfcxrLlV2fk9INrmvqjjFBOKAFWTaH6EHsaBWGDk9gKB7ATzQBYsb+50u5S5s7iW1uE5WWFyrD6EVLSlo0NNp3RZ1nxDqXiO6W51S+uNQnVQivcSFyqjsM9B14ojFRVoqw27u7KAwT1/GqJO20TGs6fAjfLJEoRTjO/b2+pUjA/2azk+U0iufQ7D4YahFpA1QlAYZbnYzBs7cKPzxk1x4lc7QQlyto9k0nWdNEaRXdjFqCXJEheQZKJjA2nse/wCOM9COCPuvU213R0kVvYHUIjaQRC0ksGh3Tyt5Yj88SlsKNww2ARzgZOSOamcmlpsdOGjzO70kdJofhG0v0s72ZrFbSZw5kitjMVTcOQZenWuX2iimkzt+rSrTV1fuafjPQNEm0STSft8kxguTMIM+V5keMAjacZxg5xk/N7CopynL3jOtCHMorSx5WnimVLtNPTTb1dZu1CSfaFbEDFgcumF3jd/ETlR3OMj0UtLM85XcnfoR6RdacdbltNtnHDbSO8skMCs8zjA2oxXcvzkYPGFjHTcaJTajZHfRhTs3I1Nb8f6npT3Nml1HqkO4LbxFXkAXC5DgFR2B/H3NOnTbszjrSirpamnOLXxJY3891cwpfxXslvI6oEDLHhRMwHyjBJHHBUsMgiplDklZdSqcvc12MQTXFlrY06REeC0tvN3Qjcq5BI3AfdyAeuCevQ1lOHLq+p10pcz0R0H7Rluw8KJ5jfvEigdywxhmONoHbr+lcuD/AIj0NcSr0bs8X+GGoG18SG187CTxttQA/MwHT8s16OJheFzzsO/fsem+DdIi0qXVGiBCT3YnK/7TRR547fNn865qsnKMbmDfvteZ634eYrGhUbx8pINciTvqW9Ge1eDwyjABQnjenp0/xrop2WhvSbuU/GenJKkzbWZGPzeYx5+7161HLaW+xeMiuTmR+OuuWwstYvoO8U7p+TEV9Xe6ueStijvoGNwBmgBdvGe1ACfpQAuNv40AAFACjmgDc8J6i1nqsMYbasjKFz0Dj7mfQZOD7MamSumhxdnc9c8CaQLvRNc2RkObpbhFGSAjxg449K8+u7OJcFeTO+8HwLqb22n2hC3ilbco54GOA3APB9q43FtnVBqL946O50u70G3uZze22omMKwgtPMcSow8t49wTau9SfmJ6oB9NfZrlte4KqnVUkanhLxFrIW5sbDSLq8spEYNJA+xWQMVJIbhWypBXsQfSuGrRh8Tdj0Y1asZ88L2kQ6mJNatb99UnbTJI5fK2xnzJ5BjkMem3Az2xzyMVcbR+Ezq020m3qcdc2101/o9hZXjrI0NzCVmfayKiFog2R97cxIHtXUmpRuzllRlCdu5k+BPCN3cX808873k15c+VHI0oZmVXI3Mc8D5G/AcdRmJzTOqnh24noU3w4nTX7maTViv2eWOGJLhzsefygQACcfeKFvYepFb0Z8ySPPr03B6GfY6jc6DFFblrafSn+0R/aJJdnnEu75IIyw2zA49MZAqa8It3LoSezOp+F+jaJqL3k2nyJBDaxBZpXJzLkELjP3jgn9K8ys5Jrm1Pdw7UYtM4r46eKJdSFppUkgZ1fzrsxMSSF+VefzOPpXXhqdm5HFmFRTsodDgvBUMQ8caNtG1TKOAueMc10Vr+yZ5dP+IrHt+iWzRXdyhxnMRALf8ATNBn9K8+SvFGcZau56b4ahBiAPJyORms0aO7PYvCEOx1AdTjAYZ56npWyirHVTVmSeNoCGQQ7Pm5cuByvoKwqWgvU1q+/ofjX4xZX8WawyEFDeTEEdCN5r6uOkUmeMZG32qgEJ+agBSck0AevaZ4E+HOgeG9CufG+r+JbLU9WshqEUWj2ME0QhaWREyzyKcnyycY7ilr0Av+NPhX4CX4LTePPBms6/fLb63Do01vrNpDBgvBJLuXy3fP+rA5I60tb2YdLo88+Gvwz134r+KoNA8PWonu3VppZZG2Q20K/fmlfoiLkZJ7kAAkgFtgd/qHh34J+DLptP1DX/FHjO9iO2a88OR29pZhh1EbTB2kAPG7AB6jilqGhs6Z8D/A3xhtp1+EniXU28UW8TTjwj4ohiivLxVBZzazxHy5XABPlkKxAJHTFF2gtcZ8M7q4sYPFdveJ5M8TRRlQOV+VuPr/AIc9K4MUlLlNIaPU9/8AiT8JfhP8O/H9/oWr+IPGa6pZpF511ZWlsYiXiWUBSXDE7XGQB2P1quWMdHsM4bVdb8F+G73TrnwZfeKLu7fzI7s6tbRxSkH/AFYi8pm77sg4z6nOKylZ/Capcusj2zxL4fHwk+KWpaZY293qenvHDvWCIs6yvAj+Z8owmclCO/y9vu4V6atys76NSTjo9TyTX9aml1GW1WKZrq5mYRWrxFLgvI2Y0MbY3MGOAFLA5H0pKhf4TNYlTpyUt+53Pjb4aaf8B7Dwpr3ibWFk1jXGuXu7aIRyJayoyRmESDO5k3hXJON0b46nO1Sk4xSQUayT5p9DzuPRo/Bfgfwh47tJbm7uNdu9Qhn0yBozEnkugDB+VQESHJOQOKcqKcbsuniZc7cTa8D6Tq3xAvvEes+Ir+HRPBukqk2o+IIYFVIEaNS0EJ2iSSdvkRfm5ySc8A6U6SS0OKrNzk7kPhrxZ4S8R/DvV9CtFurK4iuJLuzbWECsYeo2FQBnYoBHP3j161zVVLnv0LpOKVma/wADPh/J8U9Q122udd/4RzR7ZLe3XU1VTuvJpI4rSHaRz5jMeevy9e9bU6Km7yHUqS2PKLbRbmzt7+LWY5Rq0d3Lb3XnZMkbKdpznnIIx/8ArqKnuysgS93Uh8JWi/8ACY2IjQeWs20MUOSOg/ImlUf7pmdNfvEe5ThIfEV0FTaoWMgZ7YYc/kK4vsJmC+J+p6B4PjLTIA2RnPOOBXLe51WvqeyeFrcpAJoyzhTkhRknHJ7V2RslY6IGf8Sb9NLsr6+8zMcUDyNlhgBRknPsM1yVtZRj5o10tJvsfjPfTm5vJpm5Mjlj+JzX13Q8REGTQAh4OKAF9MUAesftD297ovjDSfDd8oD+H9C07T1x3Bt1nP8A49O1HQJG9pRz+xb4hA7eObH/ANIbip+0C2Ze8N36fDz9jnXdUsXa08Q+NfEf9iSTD7z6Xb26yyKjDlN0sqq4/jXg8CmHQ+em60wOj8FeIL7whqsGt6VO1rq1lNHJaXK4JilDBlcAg5wVzzx060xM+v8A4ox6cPiVrmvW+mx2dp420XTPFMFvGoJja5gcy7j/AHjMrsT6n0NcddKyK1budN+1bZnUP2gPFkbOeIbLyiSRsP2OHoe3NcdVtSNFq0jxiKW706W7upFEstrGqmNlGeSQTjHzcfoazWysdVNKrJqR7R+0hrr2f7RnjG0uIRNDc2NiYCwyIibOEZ9ud3p9e40xEeaRVOo6aU4bryuXtFtbn4HeCLr4kayTrPiS9XyfCumyfMkAOc6g6PnG3ICjByRnnO5bo2glceIlGpLmgcb8RDqOv/A/9n26voY7ma4m8Q3F1JOokZwb0SMSz5+ZlDMT1JrobujilFpa/wBaHYz/AAtuPih8C/hxZwXUWi+HNM1LWbvWdXmyttYwI8e6UjgEnLBEHJJHQBmBa6LTs9Dz34rfEDTPHljpfhLwla3en+CtBcmxty25r2UjDXM4Ay8zcY/uAlQOTWU5pKyEouTscJqfh9Z9F00W1+dUuLgE24CNFsQfePPTnj8KwjJ3Zpy9z1/xNpmq+EvhV8PvCdsxs9d1W6PjPUpoD8yRq3l2IDD/AGQ747EjrXU37OPqDXOzsvjb4Wi1bxRpfjCCKK10nxZZx6hKynCW9woxcrnuQ6lj7vXNUs2pI2hommeafD3wbFc3jaxbKJbWOYmKUEhTGr8/XJFctST+FkpWXOdIJPP8T3rY3DYmOD6tUyXuWOKEk22eo+C4MSD5eSMYz2rhVr6natj27wvZiKFWZGYAZAzkY6VvFvY7EkqaktzyP9qDU00v4Z+I4UnEUtxavaxhRzul/d4/Jj+VC0rQ02E4uUX6H5V6to8+n380DRsSr7eOfpX1aXMro8XZ2ZX/ALKuv+fab8EJoswuVnHJ+tIDrvg/4NHxC+KXhHw28ckkOq6rbWkwiGWETyqJG/BdxPsKANf9oTxAnif43+OdRhuxfWsmsXMdrOpyr26SFIce3lqgHsKA6nX6Lz+xh4l/7Hiw/wDSK5qbe8Poy9Z6enjf9ii6a1DXOq+CvFv2i5iT/l30+9gVBI2eubiELx07+tC0DofPhGG5FUI0tE0671jULbTbC3lur+7lSC2t4FLPJKzAKqgdSScD3NF7CZ9f/FG8ht/irqPhS2u01GHwT4f0jw2LuPpI9vCRKD6ESvIpHqprhxG0Wax3PQP2nmI/aI8Vj+/FYjPGB/oUFclfc1hH7R5P4hgjg0t3mfjO13PULjjJ/rWNO6ZsrSV4bnvnxI8B2+vftM+PfEfiZpbbwLodppk97OjBWuZRZweXZxEkZeU7gcdASSVyCfSnFN8z2M4NppLqrHm3jD4kXHjDWtS8UXscCwX9mLeG0CELYxxhvJiiAxhVAft1POM5rzZT56lztnSnGjNRfwb+aY/4rQ3E37PnwFsowyTJc6yfMiG3CpeKoPsTuX9a7ZPlin6nFTXtYu/9aWOst/iPqHwo+BPw1v7dbfUbO81PVbTVtIv8tDqNvI0XmxyDpnHIJBwcdeQdIyajcFG7jFeRk+IfhbomgeH7TxV4NuvtXg/WJzJbS3cbPNp0zAN9mnCtwy8bSfvDByTyearG/vLYqN03HsYnw3+G03xQ8b6TpNwXD3t1HA8kY2eVbpl5WTjjCbvbIP1rWjC5lVk72R6fq2o/DH4s/ErWfFVvrHjGCEbLGJbawtltEiiUIoiJkJ24UHJA+nNVUcJOzNI8y2JPFFt4X+I3wh8ReCvCmp61q+s+Epk11U1JIoGa1kwk0aPGzHYvErZAOQADzwLl5dB6qWvU5HQJn8LeB9OspUhhuWDYSEEKqbjjGefz59z1rz1Hmm2c2IqNLlRm6JN9r1q6kCgFfLUnOc9T/WorLQyoLS57t4I0F5Y4pwPTntXBypuzPTS0PZrO0ntdOwNi7ivDd8HmuppKz7HRd2sfHn7XnjJbvxLo+gJt2wK9zPznnog+v3iPwqYLm5p3OiC95RsfH/xSsI4Lw3igRlh5eB3C9CB6bDGPwzXu4KblTs+h5GLp8tRs4NvFN7uO2V1XPADkACvRucJkMRvPrmsy0fQ3ww8f/DT4E6UvjTw9qOua/wDE06Y9vp9ncWSW9npF3LEY5bgyb287YGfYu0A55HRlQKx89MxdiSeTzTA9J034h6Xa/s96z4HeO5OsXniO11aNwgMIhjt5o2BbdndmRcDGMZ5pdQ6Gb8IPi5q3wd8VPq2nQ2+oWl1bvY6lpV8m+21C0fiSCVe6nA57ED3BGrgj0G90j9n3xvcNqFl4i8VfDdpDvk0i60pdXhiJ6rDMs0blB0BkG71o20EaOi/FL4bfAjzbv4YWWreK/HZjaK38T+JLeKC307cMGS1tFZ90mCcNIxwexGQXuGxyvwV1aXV/F2oLdXDSXd/bOztI5ZpXDq+4seWP38k81x4tN0y4PU+lvi/4psfiH8ZtU17SjNHZag9lCouUww2xRRNuVSSOVYjGe30rzKs+Zto76elo9zC+I3w71PT9Iu5o5S9jLceVCv2eQfKxwoEhHzH14GOaxp1oN7noV8FOnTU7xa8mbv7TvxvHxR8S6dp2nRy6P4fsFF40Mqor3lyIlj86VVJBIRPLXJyFB6bsV3Tq+0Xu7HH7N4de9Z3XfY81s9Ta4sZraONpLVw0oIIxuwA4IPbbyO/B+lcjST5mbUYyqv2d78ya+93T+/T5HVeOvG9tqXw0+GvheBL+31fw2NTiuZnRdjNPMrR7Gyc8KQScY9+o65TjKKR59OM4R5rb6fMi8TTW2ufBXwT4Xt3uJtY0bUL24vEAAAE5RiqnJOVVDkkdWXrnh+2jy8p0LDypp1Yu9tTsfhB4wvfA/jR/Ds1tHqnhTV4fK1HTJNp+0xA4WRAgBSQD50Y44HUE8EKhlKi7nceHb3w94Sb4g2ujS6rcyTaY1hp2p3USosMUvE25w2BIFG0MvUk8DkAliIwVo9So0ZSdzlL349aT4P8ABUOk6B4cENhBGq3dzLCFKk4BUEjBPbJ5OcivPjTnOblKR0pqnFJI8/8A2ffi4ngD4gz+ItVtWbQr+R7W9tEABe3ddpU5wDtXbgEgZXtXpQfK0cdSV9T17QPDGlfEHQ9RbS9QmN9YXDiDcmZJ7csNhZM53YwTgnHvxXHUn7Kfkzyq9T2kuYz4/BE/hLxFe2N26yTCRG3KSRgxqe4BB56dq5atXnasehRhalzM+hPh7AGigUp8uAMAck/h+FYX947t+h1HjnVoPD+iXF7LIsccMTO0hONqgZJ/KnXqONlH7Ruo9T8y/GfjOfxX4o1HVpgQ15I0kcTNzGgJCjPsgx9TXdCjyxUV0NvaNanD/Ee3fUtFsvmIbzWVcnjjcMfjtH5V6OCsnKJ5mM1szyJkZWIIIIOCDXp2POuD8yE471I0exeE9O8Eaj4ce6nsPNksLeNrxyZBhiOSMHnkHpWq5bHFJ1E9zjJbbRNX+IllBpkH/EmnuoIhEdwyp2huScjJ3d6nRuyNryUG29TpvGdr4A02z1O0sojHq8G6NFJmIEgODyePX2qmorQzh7RtN7GD8NfD2j6jDrGpa6N2n2Ma8ZYDcx65U5zxjH+1UxS3ZdWUlZRNTxzo3hgeDoNW8P27JuuxCZC8nI2sSMMfYU2lbQmnKTnyyLPh/SvBtj4Q0jUNetyLm7Mm2UPL8xVyOinA4xQlG12S5VOZqJk+GtTtdK+KVlc6MpFk0pigyDwHQpn5ueC2efSsakFVXK9jdScY8z3PZZ28x2ksHvXv45Nkc4eTYsoI6nIXg+vHFY1Y4aCcZJXLw8sVUlaLuup1HxI8caudZnzq2oyrFLFEftEmwP5ki+aTGp24OSB1wO9cOFoweHlNrU7MZVi8SvZxaj2ucP4ksNY8Z+NbLS3kkuNQuLsW0KLhPlLnCgFgvPuQK3pU4RwcqjWqMHNVMSop2i+/QxfiLod/4a8X/wDCOafNqEt2FVTDcRLFLvYcqQrsDweCDyDW+Ap0JYd18QtDXGOdKsqWHlfTdGZ4Um1Wx8QT2F7JPDfRFwY5eQrDqrL3q8bRoqnGrR2ZnhpTc5Qqbo2Z/EF7fXkUNxMVkANuqWwYNKcksfUljnNaYbD4anQ9rWW5NeviKlT2MHt2O60M63p/ws8Wag0c9vMlxBFaTyIVnAG0FVc8gAFuDjrwe1ePWr4SOLio/D1PUo4LGTw8ptO/5nncMvxD8VeIl8NWl5q95qsZLLYfamLKQMngnGQK962B9lGukuV9bHiyhio1HRlfmXQ2fFvhe80jREmujLBextLBcRNJkmSOKNm3YPOHdxXjYTlq16sZLRLQ9XGQ9jQpSWkm7P8AA6P4i6FZ/wDCI6JdReeNSbSI55HaUhVkJPAUHGBjvyc5NbYSPNTlKXc4sYuSrCC67/M7Twtq2qaD4Lu7vTdtn4pES6es0cn3QMjzCO5CkqPQkegrx3Wp1J8l3Y3q5dVpe89YnffD8X99a2P9q3X22/ESRy3BySzKAPx6Yz7VzVUnP3Tpp1HFJWPovwgpsCGwGREA9/8APNYuz1OyneUrtaHh37V3xEM8KeFLe4X7RfbnnIP3YVyQP+BMAP8AgLVpT969TojaVpe5E+HoLlrgRE/M+yZVP1XI6+mK96R56+Id4xUt4K00sSS9wFH1IkYf0owrX1iZGNX7qL7nPQpqCQoqOxQKACIgePqetd8qjTaPNULnC5AkYk960IO88Bsf+EM8ZEc/6PF/7PVx2ZhP4onPeB3K+MdE7/6bD/6GKI7o0qfAxPHfPjLW+Ot5L/6GaUtx0/gRv6Q/kfCDWyo+aa/RGPsPLIpr4WZy/ioS4P8AxZu06/8AITP/AKC1H2RL+KyHxMf+Lb+Ev964/wDQ6b+FDh8cij8MkEnjvSVcZAkY49wpI/lSjqyqvwM+idAuLpNDc2t1BC8k053hiJEJkbkgZyO3514OJf753PcwsEqCnZrzRna/qVvr95ps6bWe7ltmuUVQFV/O5UAD0x69a7sKrYWocWLlOriafKne2nf/ADLOs6lZ618e9P8AsNo89kb+2jjtrE+UzKqquEOVweOvFFFf8Jsx1XVhmEXP3ZLvrb8zG+IV6tn8ftUuI7J7P7I4eC2acuQyxDaGfJJzjnnHqQMmrgksthHuzrcfb5lJX5v1GXfiCDVfi9JqC6XsiupPs0lnKcHd5Ww844O4Z/wNVOLWXRS6MylQ5cylTZf8EWgtvHttPCotmt47iRDPkGLOF6HJ3YYjHXJrmzOpKngKdt2aZbTjLHzvokeoJ45i8PGbTpP+JlpTyD7VbSxoAzYwGQ4yr8dAT059vjYUJVnzy3PspYmNJ8kdUeZfD7U50/aLmu9PuhFIzTLDcsv3V8rGSD3x1/Gvr67dLK6duh8pR/eZrO3W51/xbWwh0hdOtYVje3W7mmk3BmkZlUZJ6nOOp61x5POVSdSUuqLzyMacKUY73ZxmrasdU8GvOrtKsdkkaEk/woARz75r3MNDkovzueBjKntMSvKxseCrnVjfzrf2xhNxK92HYnILYyNpHrzn/I8arGFtNz23XlFcvQ+i/h/aEyIzsVReTuHTrj9a8qpoh0afM02eqXOsrp2mTXU9z5IjBd8HK7QMk/l6fSvLqOpKaUT6GUadKjzM+Evif4gu9Q+K+tXWoOxuwI3VXOTCnklgntjcM++419PGmlRikfOU6nM5SOA0OxM0VnGq5fy5ZCQe2wEcfia6K0uW5VKPNyruWvirBBpekabpwJaVUluGXPYKB+pJ/Woy1upKdT5E5lyx5afY8rHizWsDGpXijsqSEAewHYV7ljw9e5jYJz9akex3ngIY8GeMuv8Ax7x9P+B1S2ZjP44nO+CSR4y0TByPtsPPf74ojujSp8DNL4keHtR0/wARanfXFnJDZ3F5J5Uzjh8kkY/CiW5NKSaSRe0xf+LO6sf+oiv8kql8DJb/AHq9Bs+f+FO2x/6ihH/jrUn8Il/FZc1Dw9qOu/Dbwv8A2faS3RjNwX8sZ2gucVTV4omMlGpK5gfDNWbx3pIU7W8xv/QWzUw+JG1X4GfQGipJaaUjrJcxvPI4Ro7dZVH7xsjAGR9W9a8DEfxmfSYRc+GUeVP1bX5GRqFzDZ65psN8nl2Vtcpv3DJ8sTliSo9ieBn+lerhISqYWpGKu2fP1pKlXhKOlv8AMlk8TaRq3x10zVLW9Nlpkl9HI90RsMSjgn5hgEAZ6VSoTo5fOE1qaUpOrjYS5uZvv38zStLGz8U/tNyQ6aDc29xcI8CvNu87YiyFWc5yG2EFhkEE4yKwk+TLYNnsw0zaTb21+4q+JfDl74W+KtraX8Ihv7VrcSBWDgyLbLl8jOdzKW9Tu55NFSSeWcyfV/mZqXts05l1S/Ir6Zqz6d47umypZYrkPKxPyAMCSPc4wPrWGMg6mAoIWCk6WOrW8yWXXZNSt5cKMStwFA+71wB6nI598f3s+YqMYNHsuo6iZy+h6p/wj/j5dRkK/u2l3N1A+XBxmvYxEXUwEIo8KjU9lmMpPodXrerz6xb3txcSsXeznb7OVAMeQCN/+0fT0+vEYCmqfMl2IzSq6vI33Mqedz4buIXJJWwWQ5PPzFv/AImvTguWnY8Sbc6/N5nsOnaM0XkvIM/KOT26V8xJ72PplGy1PW/Dd0IIgD+6JHXH15474zXHNXR20mkWde8R2+p3dloYnXfIBcSp0LIhXg/VuPcBq44RVN80gxnNUp/uz5K+LCCX4j+I/LVxcyTiBW6n/VohHHtv/KvoqL/dpy2RwRp+77q1E8KeG1NyJJEIjiAQFueF549ef5D1FedisRdXW7PZw1JQXPLZHjfxS8UL4m8ZXc8EubWE/Z4WByCo6n6Ekn6Yr6DBUnQoqL33fzPl8ZWVetKS2MaSXRDIxWK5AJOAGFeh7pxmTt5P161mB3ngH/kTPGvfNtH/AO1KuOzMZ/FE5nwQf+Kz0P0+3QZ/7+LSjujSp8DN74o+L9T1bWb/AEq5lR7OzvH8lRGARgkDnvxTm7uxFKEUlJbk2l8/BrV84/5CS/yjpr4WJ/xUNuR/xZq2/wCwqf8A0BqLXgSv4rNV/F2peFfhr4ZbTZVi883Cyb0DZAkOOvTrT5rRRKip1HzHLfDJynj3STjnzGGPqjVMPiRtU+Bn0R4djtRpMflQI87SSGRlkMbr87YO7047H8K8HEP97I97CQk6EVdWOW123i1fxtp9nLczTWl7LBGZLcrJJsZgp2diRzjP417GCm6eFnOO6PHxShUxCXR/ITxV4Gi8A/GjSdHe11BLfzIp1gn8qW5KsTtBC5TccDjnGetXLETxOBnKe5rSpRoYyChqtzWinu9L+OE175gtbyEtMJmd5zARCCD8xBlcAYCn77EDABrknFf2dBebPShLnzWb6NdPQ2/iX4juNT+MMeralp0unTfa4vtFpMVLqBbhTnbkd84yfrUTSllaUe4qajQzW3RJfivmecRs8vie+ildEYrKkhd9n/LRSSDg46Z6HjNaYm6wdHQnD+9ja1+ty59oRiLK1kaSVV58pd/Ht19Tz7n3ry2n8Uj17qKaRkw6a8+q6ZHJlS9xIrFcHGPfp+PbrXrzly4SNj56mr42XMejeL9LtfD0Z06GPZO+nTXDDdkhSQoLe5IPX0NcuXuUnOTHmS5eReZzd3AyWOtZ4WO2igH/AAFN3/s9ep0cfI8hL4Zd2z6JSEIIABgLErEA9sD/ABr4++59XpJIyPEHie70a1nnto/NkG1EUtjc7cKMjv8A0Bq0l1No05cuhw2heI7qK7/te4uGa837iW6k/wB0e3UD/JrkrpzdlsexQp04xaZz+vTvc65eautvJeG8ld/NRcgEknHA4P1x0HbGOqLcoKByexUHeJy/j/xf/wAIp4YFrbSo2p6gJIyAfmhj4G4Aeo3KB0HJyTkjfC4b21Xnl8MTmxmLVCl7OPxSPCyqNGmHJck7lI6V9Oj5QTYaLAKxCyNxzmoA774fYPg7xr3zbR/ykq47MwqfFE5jwXH/AMVloZ5H+nQf+jBRHdGk37jJPH648aa3n/n8l/8AQjSluFN+6jf0pc/BzWBz/wAhBT+kdUvhZDf71EUoz8G4QT/zFf8A2Q0vsi/5e/Ib4mwfhn4Sx2e55/7aGm/hQQ/iSMn4dTeR400yRzwHbn3KkUoayRpV0gz6X8EnULnR1VILZbdGkKyPI2WxI24HA+U88da+fxd/ayS7nt4f2EcOnObTfRK5y+q3F2/xY8MfaWFhJ9qtsSxN5hQed975lAyPTBH16V6+G0wVU8yq/aYqCTv62/r7zqfiXoy6h+01olvY3Exe7ktR9svWaQyOxwzk4yecjgY44GMCubCyvltRruzvxUZUsfD2yWy0X5F630jTtB/aSjS6u01S1sp2drmQArJIlvu3cDBIYEjA6gY6Vc9csjyhy1HmTg42b6eRHrrHxx8eli1SFrJb1nPlMcvEn2YlN+ejgBcjseOcVMtMsSXf9TKolHHy5Fsv8jxnSJIT4puYQ0V5APNjjkOQsg3YVgOTyAMD3roxa/2Wn0KwrX1upbVGzrtzdWsQiX7NbRFchYUCF+fQYz+VeRSUZO+rPWqScVbYm8KWVxczeGRBOILiSe4YzGMOR1ycEEZ/CvRxU1Twt7bHiYaPNjZJs6hdJLzz3Ekkk/25ZAZ5jl2XCAEn6Zx7YqcDK7a8h5pootdyjexA+GNWuD1mmuBweMJtQf8AoJrtUr1Ki7I85wcadJvrf9D6h0jSI7u1iYDG+JQvAyOn59q+NlNJtH3eHwsXFOeh558UrK4aWwurSJv7Nt5H8plyQ8gwAx/Ngv4+1Uno49zONenLEWi9jz2axj1WAtGX0+chiU8pnU5POMAkemDg1Ck6b7o7eVTV07HD+Kp4fDrrJfNC0r/6uJ5Cu8ccspGQPyz0FenQp+320R42Jrqj1uzxXXNVl1nU57mZ95c4XjAC9gB2GO1fQRgoJJHzUpOb5pblDvkVa0JH+efSquApi+ZvqetZgdp4Gv7Wy8K+L4Z7iOGWe2QRJI4DOcPwo79RVx2ZjO7lE5/whdpb+KdHllkWOJLyFndzhVUOCST2FKLs0XNe6z0Tx34X8KXMGravba/HPfyF51gS4jKsxOcADk1pKK1dzCnKSsmjmdM1C2i+E2rWbXES3T3qusJcB2XCcgdSOD+VQn7rNGv3iZDLf27fCiK18+P7V/ae/wAjeN+3Yfm29ce9H2bBZ+1v5HU6DpnhvxL4B0S01XWY7CW1MreWtxGrZaRuobPbFWknFGUnKM20jiLq3s9A8aqmnXBurSCdDHMHDbxwTyOD1NQrRkmbNucNT1e38Z6notubOyIaBpS5Rkyct1H50q2Fw9Tmq82vqXRxFamlBL8DpfiBcwH4m+C5YrWUWlvHbmVWcyNkTEtuOBjJJOATwRzXBg5KOCqqT1PSxUVUxNJUfLW1tTs/iOt542/aG8O6hq2mf2TY3ZtVWKJWCx2wJA3EY52jJwR+FY4Scf7MnC+t2a4tewzCMk723fS5Q+M95DZfEuXWtMtEsrWN4ntkRMQqUTbs44bCgbh7muvLVSrYN4arLZnJjfb0cTHERu3K5g+AxdePvibcX+pxvM9ykxcxpgGRwBtGeAMHH0IrPM3To4aGHovY97hqlKvjZYitHS1vv0PONXim07xQ17bW0cVkSwtR5e6No42Makg5zzHn6jNdmH9liMKqdSWqPIzCFXB4ydSlH3W3bTTRtfobFvc3fi6eHTnit41tz/rYowpcYGFPrjJ+pryq8KeDb5Hc68LKpjFeorGl5UNvq2jWCsV8mWdZoY3ywUg8Hvg5H1H1rZyUsJFvVnCoNY6aWh6P4z1XT7aHT7e12raQLJ5t47bVaQ7cIPcAEn6gdjWeAupylNkZjepGKitmcLPqU1z8PYBNbrawiO4EROd8zlyzMfxYAD2rqozi6lXXcxrxmqdHTRXPpHwTrv8AwlPhW1nYvCLidbeAH5WKKAWJx0yoPH9a+WrQUKjR9b7aU8KpPQ7Q6PBcWz201uJrdxsMbYK45HI7CvOq1OxxYWgoT5+55v8AEb4aaN4e8LaxrcbTRNZ2ktx5ZkJTKqSByDnnjmrw9SU68Idz0MRL2NFyifn7eyXmp3MtxOZZ5ZG3NIwPJr79JRVkfFyk5O7K0lrKgy0bDHUkGrEQ456UAJtPrQBYZCWbnJJ7UrCNGw8Manq9jcXNlZm6jhkSFkjdTIXbJULHncxIVj8oPCk9jQMqz+GtXtbVrqbSr2G2WKOczyW7qgjkJEb7iMbWIIDdCRxSKM7lRSAPM+ufWmAd6AFKnt9OKQrktqdk8ZOeCDQ1dWC9j7ZdJZ7gPG6xR7FbYYgSSepJ/wAB2r5Vc0ajR7adCVG7TlJPZ9reXmQWImbUvtAklMcTKqM+PnK4yQMcex7kZ6YzaV0zKvUjSgoxVm+3RdtfzPpXx7c2t18M9OtrCFPtEqIkcYOCZEQHj0VI03ED1X1NeRS5qdZnTR5cV/FfuxjeTemv9dDzXw7bRvdzB0ElrYIZ5d7DDyctypyBx83uWHpXpTulyo2w9XmlFy+Kfux/urv6st2du9tqVxO8Ea3lvZy3LlBv2sIyxHX+9JEMEfwd6537zR9hCbpYf3lbW3nva/4J/Psc9a+BB4Us7KKNIZIrWQW0nmJktHIN4IPfLblyRxk1ftLu5y1mpKVOK0avH5Xi/wD0m/zPM/GGmQ+HPGt9JcqI0uEUxO4OzGwL19iP85rqlecVyni0bKPO+xywvFijmkaaJLnALXAzhGYktt5O9s9CMjr0xXZFXjE8695Sfc0dL1jUIdGeyMaC2CO8FvNgzO3B8x8nHBXOO/PPPHPUnGTSiddGnOlGV0dU2rXUHhey0e3tZ5p7nMKRxJvaZgeXAUZ6nPHU7auEFFudznqz9s404/M9B+G+h3ukeJIdMnVhLpVqWeAtgRyS4BBx3wCPwNcldQcXN9TOvKUZKjHoexJE6uodQ4x1JGPpivCn72x00qjPFv2uPEf/AAj3wf1OAfK+oTRWSEZBwx3sOn91GH4162U0uevzvoc2Pr3hydT54+Hk+reIPiboegRanqH2QeGXuLeyivJYomuItIkmiBCMODKi5A68+tfZ7I+fe9jil8dal4o1/wATst3f22kXVrfSw6VLfzXEUEZVmSPdIxLBOAGbk4yeaGB5oeTWgADx/wDXpAWVYLKxPOT1pWEdJ4Y1bVtHg1G80rUl042gjujyN8jHdCAnBJO2aTOcLgnJztBkEbGs+FtWg1zXNGvNb0ya/jjhgndxu8yKJIvL8uUpkKAyA7SPlQs3yLmgq7Mjw/8ADG78RWWl3MWpWFrHqF0tqonMgMTGRU8xwEP7sFxlxkAjb97AIA25+FmqWOt6Zpk80HmXyviSJZJVhdEDSRuEQtuXcAdoYdwSMEoZLe/Ci9sNB0/VDqemsbuGSU2rTGOa3ZPN3Ryq4GxswsBk4PrwcMDNPgm4XRdQ1H7baMljBBPJErMWIlYKqj5cbhkEjPTvkYoFY58HB4PGaBH2TpCS6ppul3ckpFo1nHKYVJXcxXPzHPTGOOnXOe3zcor2sonsUqlONG9veLrXCzSLHAGDLyGkQhBxxg9xx2/TNO7eiRw1KfI1Ob3PfPCR0/Svh19quJrnWPEE6Oluk3zRQIxBYfKMRqzBQWOWY4AzwK8WpFuvy7I9nD8+Iw/snFKEXd+ZwdlYLoen3lkkpeRy93fE9Xbvn/fKqo9ADjpXotvQMLNVanPLR35Y/l+B13hvw0ZNC1ZnIF5PZAPJIcyK8kTSH6Z3R/XYKwbUp3XT/M+oq11KVF/ZX6e6vyIdafz05Mjpe6ck0bSngNGFIQdOgZj9TSXuxXqZzXLNRe8ZNfKV3+Zk+JdAstedIryBbmNRuAdcjPAyOfda2otpo+fxbTlJxei0+5s+bNK8NCC6jjE8YE1z5EZeLcEGWzj0wF7j0+tdlarzXjbYMPTSgpN77HoHhHRTFbmUh5GupGI807mWNSeB2/ujgDrXmuTnVteyR04mbpYXXeR9D/ALRYrWXWdXlXakEYjDkDjAycfnXPia7SUF1OPBUJQTqSOc+G8Z1TVvE2tuXY3d8UV8feVB/izVri3aMYHNSjzVZTb3O6knjhkw3yKQSSSP8a4eS53R5Ys+Of23PFpur7w7oayZCRyXsozwSx2Jx6/K/wCdfUZTT5YSlbdnhYyfNVdix+zjfWPhr4weC9Ye1iu751022V3BdoIjDbrIVQRvndFLOcnaQIjhgA9e3LVWORHO/GnwfF4V8beJIn05dMubZNQskMFqIIblI0miZ1xgOd0O8sFHM4A+UKBQdz5tZhWjEJS0AsBc7iTgg9fWkI3/AApFoV5cyx63cy2y4yjRKSpOx+DhSeX8voPu7+4UFBYNPsvD7XY+23chtFst7mHcJDPnBVQUIPcgEgFerKeKW4FzVtJ8Hwae09nq09xcrbJG1tscM91vPmOpKbRBt+7lt5xyozwFaFd7XwkJ9SRbq62cizlVztXKoUZ8x5YBvMDgAEZBXdg5HcNBb1fCMU8E9ot3cWrxRh7aSbZKsmIvM+bYQFyZQp+bpyOBuWvUGWLSz8CrDAbq91N2+0ThmhUKTCMiEspU7XJALAMwAI5znBqGhjX0uiW+iy2tqjXGoC8LLeHcv7kLgLg8HcTnoCNvfdhWtw0Z9R+C7hLz4f8AhuRWDAWkecDj5VCn8Rz1r52taOIkjtpubp6dDVur6KAMgYzNkfu4zubHQcAcD3PFNPsEqE27VdEe+fAe406PwjrVzq9yILa3ia4uJixAVU+YZx1ADcDvk98V5WIg1VUjrw9edS2H6eXbr95xOjyrNp+rX9xgSatdBEaUHAjdgsSjHfB/Mmt0+Z83Y9NU1QxEaMFotfR9V8j0HRdQgTUPFQ8gN9hMZOwkjPlYCkf8BA61lvOPoelGlBSpRh6/nIyL61ax0TR0nd5W0m++wyOg+8jKYlByePlkjJ91rWKTuTXk/byUXvFS/wDAWIbY/Zo0fIdV27mbnCjac/UAVS908LET1dut399v+CfKuo3c0UDyxEx7bn7RE55wQWwPxB/SuuUVza9TXDTc4cq6HR+DfG0kcMEUduJgX2x85ZM9Rj0/wriq0lCTex6DisRTUJH2LpUK+C/hDcST4FxJbPPJjj53BP8AUCvClWUp37HqQwbjBxZw3wstFsfCtnDu/euDPKPXexP6ZFddSft3dHj/AFdYe1zpNYjMNqzKgUDJ5bB/z/hVWs9TKS9xzPze/aF8UDxT8WdcuEkWSG2kFnGyHKkRgISPYsGP419phI8lGKZ8vUalJsc2s+I9O8XaHB4Ya5k1O+0zT7eOztoRObljCgVPKIYSEnGFIPPautakbHeftBeKJfF3x48S6oZmkhvtAhv4424EZuNLhnZdvQHdI2ffrQHVnzu3zHPSrYhNvtQMkJ+ZzUiNPRdWXSDeBoPPjuYlibLYKYdX3ocHDfLjPoT60WGdJL8RrO8uXnuPDdhAzXQvFWwVYVSQKyqiqyuPK5DGPHLbjn5sBWAztU8Yx6npt7a/2bbxPczfaPPjVQ6Nk/IMKMRkHJQYG8buPu07Acs6gZNIBoGOvSgBw54P6UADLzzQB9P/AAXnil+G2kPJJn7LLMrRknldzHgfj+dfOY/3MTF91/n/AJHsYGHPRqx9Dtkhie2jdYlikZRvUDnjtkdQDWVN31ObEXb9kpXsd/8ACy3m17V00ASmOxuZY7u7XjDRRZcx8/3nWEY9C1c+Jdkpep1ZW1SrKtLpZL1k0vwOv1TQ4k0jw7FKNy3It5SWIJ4i8049ztbnt+Fc1OdoaHpuT+u4iS6Nr7y74W0yE6bql+8gxe6mqEBSqMqzJhcd+fM577sValfR9P8AI9KrOVGUF/LC/wCCJNQeD+2vFuk70iaQwXkSvH/GUAYr/ewYkOQON1awT0OSUpKnQrLzh/4ErlWaRS00pUEK+9ioxlSuSf5HFX2PJqe63B9EvwufOlloi3liIHUNlR93jFbzmm9WclKdSlflL3gT4Um88f6PHC7pGbhS4BI3Dk8gcEcH9PasMTiHRpvmVz2sBNYufpufTf7Qsl14X+HpilKxJeukMaqwJI4zXh06MnUXOraHr1cXBSsmcn8K9TN7obGYFCJDFHv+VfurjFaqLpuyOTF1HOorlL48+OZPAHgO61ITZu0BCDPG7BAB/Eiu/C0lXqqHRnkYuq4U+XufmlPcNcTvK7F3dizE8kk19uopHzx9GfCjQNP8S6bpWo6ra6PYXNtHaRWOq3K3iTSv53kjayX8CZiIjJZBkZHBOMw1bYCx8RPDVjpnhTXddt7KxbUpbRXa9+y34ldJZPLZy899IAGGdhZCzjJVQBuoV7gz5rbhuOK1AcCPeqAjJHmNnjmsgHfd+lGwCY44OaAHphCAR1poAkUbvT2oYhGG089KLDFA+YcUANOFOAQfejYD3X9nrVRdaDrWnSsHa2liljVhuJQlsgegBGfq59a8XMFtLsd2Fdrruetx3ZtbRfNKjDMNq+7YHb6CuBSstBqlzSutjf8AhpqFzo91c3TnddNFcINpxyFO0A9vu5GQetYVE5QZ1w5frNGEdlJL73/wD6K+KOgx+GrLwYsYMwtES33AfeCQlQSPx/WvNw/M1K/U7qaT9pNeX6nIWup3H/CMadLp8IaQ+IZR5YYMWSGeUtjsC3lED0LZ7Zrps7u/Y972cnKUou3upfci3NrUD+N9b04x/wCkRRWxWfJIJAIYZ9tyHH+1W8XseTiaU4YGnbX3jndZnFr4UvZo9zMlk5Vs8swVgP6flVNtzscNfkUpTW+h5boyiGzjfHbgAZwOn+fpTbXNZnBrZtHsH7P+lLq3juKcrvW1hdg2MKCSBx+VeRjK3MlG19T3sBh/q0XN9UWv2xdVW+1nw3oytuSKN5nweewrtjvKa6KxyxkqsoW7kngtbeHQv3bjy0ckqrAnjB6fTHvXm02pxVz0a7VOq3I+a/23PFKR2Oj6HHMfNnkNxLGM4CgDHfuW/wDHa+oyqk1zVH6Hy2Mq+0qHyEQN1fR7HAP3naMcUbgAlPQ5x9aQEiQ7lBJqhXEI54qxleQkyN/vYrIa2HJyBn1oELj5sUMCdGJRfrVCGdWA98UDIpGIPXpSBDfNY0rlWA9T7UCPUv2fJnj8YalGD8kmnvkfR48fzrzsak6LudGH0qxPdpSf7Qt4QcRCPz9vbcDgflXjx1kd/KlhvarfX8zWsZ3tbN5Y/lYRyNjqCTG2f5mh/C2Y0HfHU/8AFH80fVXxyuZm0LQSkrRFoZJCUxydqAdc9N5P1xXh4KTndvufR4CKVKo/OP5nD+C7SKwstHtYl/0ddVuVWM8hf3EjcfiT+ddjk9X6HqVVam2vIrhml1OO4LETT3V0XccE8gY+mI1reKuzysbJ+xlBaJcv6nPePd0Hgu+kV2zvKbc8YLj0q0lzo8Wt8Tfc8+gjVYodvAOM8/T/ABrVpNHLFtSXqj6G/ZfsY4YtYuss8rCIZdshRsXp6ckn8a8Sv8CPerN+0kk9NDlvGXhqzm+Mj6a5mezTSSAkkzOfmkTPLEnueldUZP2Kl3OC3s52ieX3eqX+kSTw2l/cQqB1V8E/j+Jp+yhHZHqxqOrTvPU+YPj9qV1q3i23uLuZp5RbLGC3YDn+ZJr6jL1ajY+ZxiSq6HmLDMmPWvUOAcVAT8aAGxqCy571IFqU7FIHFULqUy5yeaV2Uf/Z', 1, '2020-03-10 13:40:37'),
(31, 'NoFdK0WzRTVeU0GXKbvl4uVUNwA3', 'tyaamariupol@gmail.com', '3', '3', '', '3', 1, 1, 1, '', 1, '2020-03-10 13:40:42');

-- --------------------------------------------------------

--
-- Структура таблицы `City`
--

CREATE TABLE `City` (
  `id` int(11) NOT NULL,
  `name` varchar(50) NOT NULL,
  `country_id` int(11) NOT NULL
) ENGINE=InnoDB DEFAULT CHARSET=utf8mb4;

--
-- Дамп данных таблицы `City`
--

INSERT INTO `City` (`id`, `name`, `country_id`) VALUES
(1, 'Мариуполь', 1),
(2, 'Москва', 2),
(3, 'Киев', 1),
(4, 'Минск', 3),
(5, 'Токио', 5),
(6, 'Киото', 5),
(7, 'Петербург', 2),
(8, 'Детройт', 4),
(9, 'Нью-Йорк', 4),
(10, 'Лондон', 6),
(11, 'Бристоль', 6);

-- --------------------------------------------------------

--
-- Структура таблицы `Country`
--

CREATE TABLE `Country` (
  `id` int(11) NOT NULL,
  `name` varchar(50) NOT NULL
) ENGINE=InnoDB DEFAULT CHARSET=utf8mb4;

--
-- Дамп данных таблицы `Country`
--

INSERT INTO `Country` (`id`, `name`) VALUES
(1, 'Украина'),
(2, 'Россия'),
(3, 'Беларусь'),
(4, 'США'),
(5, 'Япония'),
(6, 'Великобритания'),
(7, 'Узбекистан');

-- --------------------------------------------------------

--
-- Структура таблицы `Requests`
--

CREATE TABLE `Requests` (
  `id` int(11) NOT NULL,
  `book_id` int(11) NOT NULL,
  `user_email` varchar(50) NOT NULL,
  `created_at` timestamp NOT NULL DEFAULT CURRENT_TIMESTAMP
) ENGINE=InnoDB DEFAULT CHARSET=utf8mb4;

-- --------------------------------------------------------

--
-- Структура таблицы `Type`
--

CREATE TABLE `Type` (
  `id` int(11) NOT NULL,
  `name` varchar(50) NOT NULL
) ENGINE=InnoDB DEFAULT CHARSET=utf8mb4;

--
-- Дамп данных таблицы `Type`
--

INSERT INTO `Type` (`id`, `name`) VALUES
(1, 'дарю'),
(2, 'дам почитать');

--
-- Индексы сохранённых таблиц
--

--
-- Индексы таблицы `Books`
--
ALTER TABLE `Books`
  ADD PRIMARY KEY (`id`),
  ADD KEY `countryId` (`countryId`),
  ADD KEY `cityId` (`cityId`),
  ADD KEY `typeId` (`typeId`),
  ADD KEY `user_id_idx` (`userId`);

--
-- Индексы таблицы `City`
--
ALTER TABLE `City`
  ADD PRIMARY KEY (`id`),
  ADD KEY `country_id` (`country_id`);

--
-- Индексы таблицы `Country`
--
ALTER TABLE `Country`
  ADD PRIMARY KEY (`id`);

--
-- Индексы таблицы `Requests`
--
ALTER TABLE `Requests`
  ADD PRIMARY KEY (`id`),
  ADD KEY `book_id` (`book_id`);

--
-- Индексы таблицы `Type`
--
ALTER TABLE `Type`
  ADD PRIMARY KEY (`id`);

--
-- AUTO_INCREMENT для сохранённых таблиц
--

--
-- AUTO_INCREMENT для таблицы `Books`
--
ALTER TABLE `Books`
  MODIFY `id` int(11) NOT NULL AUTO_INCREMENT, AUTO_INCREMENT=32;
--
-- AUTO_INCREMENT для таблицы `City`
--
ALTER TABLE `City`
  MODIFY `id` int(11) NOT NULL AUTO_INCREMENT, AUTO_INCREMENT=12;
--
-- AUTO_INCREMENT для таблицы `Country`
--
ALTER TABLE `Country`
  MODIFY `id` int(11) NOT NULL AUTO_INCREMENT, AUTO_INCREMENT=8;
--
-- AUTO_INCREMENT для таблицы `Requests`
--
ALTER TABLE `Requests`
  MODIFY `id` int(11) NOT NULL AUTO_INCREMENT;
--
-- AUTO_INCREMENT для таблицы `Type`
--
ALTER TABLE `Type`
  MODIFY `id` int(11) NOT NULL AUTO_INCREMENT, AUTO_INCREMENT=3;
--
-- Ограничения внешнего ключа сохраненных таблиц
--

--
-- Ограничения внешнего ключа таблицы `Books`
--
ALTER TABLE `Books`
  ADD CONSTRAINT `Books_ibfk_1` FOREIGN KEY (`countryId`) REFERENCES `Country` (`id`),
  ADD CONSTRAINT `Books_ibfk_2` FOREIGN KEY (`cityId`) REFERENCES `City` (`id`),
  ADD CONSTRAINT `Books_ibfk_3` FOREIGN KEY (`typeId`) REFERENCES `Type` (`id`);

--
-- Ограничения внешнего ключа таблицы `City`
--
ALTER TABLE `City`
  ADD CONSTRAINT `City_ibfk_1` FOREIGN KEY (`country_id`) REFERENCES `Country` (`id`);

--
-- Ограничения внешнего ключа таблицы `Requests`
--
ALTER TABLE `Requests`
  ADD CONSTRAINT `Requests_ibfk_1` FOREIGN KEY (`book_id`) REFERENCES `Books` (`id`);

/*!40101 SET CHARACTER_SET_CLIENT=@OLD_CHARACTER_SET_CLIENT */;
/*!40101 SET CHARACTER_SET_RESULTS=@OLD_CHARACTER_SET_RESULTS */;
/*!40101 SET COLLATION_CONNECTION=@OLD_COLLATION_CONNECTION */;
